"","Season","TeamName","WScore","WTeamID","WFGA","WFGM","LScore","LTeamID","LFGA","LFGM","Duke.Scoreself","Duke.Scoreoppo","Duke.Perc","Oppo.Perc","Diff"
"1",2003,"Duke",101,1181,68,29,53,1119,58,21,101,53,0.426470588235294,0.362068965517241,0.0644016227180527
"2",2003,"Duke",95,1181,67,30,80,1172,64,29,95,80,0.447761194029851,0.453125,-0.00536380597014924
"3",2003,"Duke",84,1181,59,32,73,1417,58,25,84,73,0.542372881355932,0.431034482758621,0.111338398597312
"4",2003,"Duke",91,1181,55,27,76,1326,55,23,91,76,0.490909090909091,0.418181818181818,0.0727272727272728
"5",2003,"Duke",81,1181,61,29,59,1276,51,22,81,59,0.475409836065574,0.431372549019608,0.0440372870459659
"6",2003,"Duke",91,1181,71,27,57,1299,60,23,91,57,0.380281690140845,0.383333333333333,-0.0030516431924883
"7",2003,"Duke",85,1181,46,27,74,1173,62,27,85,74,0.58695652173913,0.435483870967742,0.151472650771389
"8",2003,"Duke",86,1181,69,27,58,1193,59,22,86,58,0.391304347826087,0.372881355932203,0.0184229918938836
"9",2003,"Duke",89,1181,52,27,71,1155,58,24,89,71,0.519230769230769,0.413793103448276,0.105437665782493
"10",2003,"Duke",93,1181,65,34,86,1207,76,34,93,86,0.523076923076923,0.447368421052632,0.0757085020242915
"11",2003,"Duke",74,1181,57,27,55,1448,64,22,74,55,0.473684210526316,0.34375,0.129934210526316
"12",2003,"Duke",104,1181,58,29,93,1438,61,31,104,93,0.5,0.508196721311475,-0.00819672131147542
"13",2003,"Maryland",87,1268,56,26,72,1181,66,28,72,87,0.424242424242424,0.464285714285714,-0.04004329004329
"14",2003,"NC State",80,1301,46,23,71,1181,53,20,71,80,0.377358490566038,0.5,-0.122641509433962
"15",2003,"Duke",91,1181,61,31,71,1210,54,21,91,71,0.508196721311475,0.388888888888889,0.119307832422587
"16",2003,"Duke",80,1181,53,28,60,1139,58,22,80,60,0.528301886792453,0.379310344827586,0.148991541964867
"17",2003,"Florida St",75,1199,50,30,70,1181,72,25,70,75,0.347222222222222,0.6,-0.252777777777778
"18",2003,"Duke",83,1181,64,28,74,1314,61,27,83,74,0.4375,0.442622950819672,-0.00512295081967212
"19",2003,"Duke",65,1181,62,21,55,1155,49,19,65,55,0.338709677419355,0.387755102040816,-0.0490454246214615
"20",2003,"Wake Forest",94,1448,60,31,80,1181,73,23,80,94,0.315068493150685,0.516666666666667,-0.201598173515982
"21",2003,"Duke",78,1181,67,30,59,1438,60,24,78,59,0.447761194029851,0.4,0.0477611940298507
"22",2003,"Duke",75,1181,68,28,70,1268,58,23,75,70,0.411764705882353,0.396551724137931,0.0152129817444219
"23",2003,"Duke",79,1181,57,27,68,1301,46,26,79,68,0.473684210526316,0.565217391304348,-0.091533180778032
"24",2003,"Duke",77,1181,54,30,58,1210,57,22,77,58,0.555555555555556,0.385964912280702,0.169590643274854
"25",2003,"St John's",72,1385,62,24,71,1181,45,24,71,72,0.533333333333333,0.387096774193548,0.146236559139785
"26",2003,"Duke",72,1181,56,22,56,1199,54,22,72,56,0.392857142857143,0.407407407407407,-0.0145502645502645
"27",2003,"North Carolina",82,1314,59,33,79,1181,71,32,79,82,0.450704225352113,0.559322033898305,-0.108617808546192
"28",2003,"Duke",83,1181,54,28,76,1438,51,29,83,76,0.518518518518518,0.568627450980392,-0.0501089324618736
"29",2003,"Duke",75,1181,50,27,63,1314,49,21,75,63,0.54,0.428571428571429,0.111428571428571
"30",2003,"Duke",84,1181,56,24,77,1301,59,26,84,77,0.428571428571429,0.440677966101695,-0.0121065375302664
"31",2004,"Duke",67,1181,45,16,56,1178,46,22,67,56,0.355555555555556,0.478260869565217,-0.122705314009662
"32",2004,"Duke",82,1181,52,26,69,1334,61,25,82,69,0.5,0.409836065573771,0.0901639344262295
"33",2004,"Duke",76,1181,59,26,47,1251,52,18,76,47,0.440677966101695,0.346153846153846,0.0945241199478488
"34",2004,"Purdue",78,1345,57,28,68,1181,71,27,68,78,0.380281690140845,0.491228070175439,-0.110946380034594
"35",2004,"Duke",72,1181,49,29,50,1277,50,20,72,50,0.591836734693878,0.4,0.191836734693878
"36",2004,"Duke",79,1181,53,26,58,1385,56,25,79,58,0.490566037735849,0.446428571428571,0.0441374663072776
"37",2004,"Duke",84,1181,65,32,43,1339,62,15,84,43,0.492307692307692,0.241935483870968,0.250372208436725
"38",2004,"Duke",69,1181,55,24,51,1343,52,22,69,51,0.436363636363636,0.423076923076923,0.0132867132867133
"39",2004,"Duke",89,1181,54,31,61,1400,66,21,89,61,0.574074074074074,0.318181818181818,0.255892255892256
"40",2004,"Duke",88,1181,63,32,54,1172,56,19,88,54,0.507936507936508,0.339285714285714,0.168650793650794
"41",2004,"Duke",73,1181,65,31,54,1155,52,20,73,54,0.476923076923077,0.384615384615385,0.0923076923076923
"42",2004,"Duke",99,1181,64,34,58,1193,56,21,99,58,0.53125,0.375,0.15625
"43",2004,"Duke",93,1181,65,34,71,1438,62,25,93,71,0.523076923076923,0.403225806451613,0.11985111662531
"44",2004,"Duke",76,1181,53,27,57,1301,51,23,76,57,0.509433962264151,0.450980392156863,0.0584535701072882
"45",2004,"Duke",84,1181,54,28,72,1448,68,24,84,72,0.518518518518518,0.352941176470588,0.16557734204793
"46",2004,"Duke",68,1181,71,24,60,1268,59,25,68,60,0.338028169014085,0.423728813559322,-0.0857006445452375
"47",2004,"Duke",85,1181,62,35,66,1207,58,25,85,66,0.564516129032258,0.431034482758621,0.133481646273637
"48",2004,"Duke",56,1181,52,20,49,1199,61,18,56,49,0.384615384615385,0.295081967213115,0.0895334174022699
"49",2004,"Duke",82,1181,58,29,74,1210,69,26,82,74,0.5,0.376811594202899,0.123188405797101
"50",2004,"Duke",83,1181,64,27,81,1314,74,32,83,81,0.421875,0.432432432432432,-0.0105574324324325
"51",2004,"Duke",81,1181,51,25,55,1155,43,20,81,55,0.490196078431373,0.465116279069767,0.0250797993616051
"52",2004,"Duke",93,1181,56,29,75,1438,57,27,93,75,0.517857142857143,0.473684210526316,0.0441729323308271
"53",2004,"NC State",78,1301,50,26,74,1181,56,23,74,78,0.410714285714286,0.52,-0.109285714285714
"54",2004,"Wake Forest",90,1448,64,32,84,1181,63,31,84,90,0.492063492063492,0.5,-0.00793650793650796
"55",2004,"Duke",86,1181,54,27,63,1268,59,22,86,63,0.5,0.372881355932203,0.127118644067797
"56",2004,"Duke",97,1181,64,31,63,1434,74,23,97,63,0.484375,0.310810810810811,0.173564189189189
"57",2004,"Duke",70,1181,51,20,65,1199,53,23,70,65,0.392156862745098,0.433962264150943,-0.0418054014058454
"58",2004,"Georgia Tech",76,1210,51,26,68,1181,70,24,68,76,0.342857142857143,0.509803921568627,-0.166946778711485
"59",2004,"Duke",70,1181,58,28,65,1314,65,24,70,65,0.482758620689655,0.369230769230769,0.113527851458886
"60",2004,"Duke",84,1181,50,25,74,1438,56,25,84,74,0.5,0.446428571428571,0.0535714285714285
"61",2004,"Duke",85,1181,54,28,71,1210,55,25,85,71,0.518518518518518,0.454545454545455,0.063973063973064
"62",2004,"Maryland",95,1268,67,29,87,1181,70,33,87,95,0.471428571428571,0.432835820895522,0.0385927505330491
"63",2005,"Duke",88,1181,75,30,46,1404,59,20,88,46,0.4,0.338983050847458,0.0610169491525424
"64",2005,"Duke",74,1181,58,25,61,1172,60,23,74,61,0.431034482758621,0.383333333333333,0.0477011494252873
"65",2005,"Duke",98,1181,70,37,44,1422,61,18,98,44,0.528571428571429,0.295081967213115,0.233489461358314
"66",2005,"Duke",81,1181,51,26,74,1277,52,23,81,74,0.509803921568627,0.442307692307692,0.0674962292609351
"67",2005,"Duke",93,1181,55,36,61,1434,51,21,93,61,0.654545454545455,0.411764705882353,0.242780748663102
"68",2005,"Duke",82,1181,73,30,54,1405,54,19,82,54,0.410958904109589,0.351851851851852,0.0591070522577372
"69",2005,"Duke",88,1181,61,30,55,1227,59,22,88,55,0.491803278688525,0.372881355932203,0.118921922756321
"70",2005,"Duke",78,1181,51,27,67,1328,61,23,78,67,0.529411764705882,0.377049180327869,0.152362584378014
"71",2005,"Duke",62,1181,60,22,54,1155,61,20,62,54,0.366666666666667,0.327868852459016,0.0387978142076503
"72",2005,"Duke",59,1181,47,17,46,1343,53,20,59,46,0.361702127659574,0.377358490566038,-0.0156563629064633
"73",2005,"Duke",82,1181,56,27,74,1396,62,27,82,74,0.482142857142857,0.435483870967742,0.0466589861751152
"74",2005,"Duke",86,1181,52,27,74,1301,58,25,86,74,0.519230769230769,0.431034482758621,0.0881962864721486
"75",2005,"Duke",80,1181,55,28,66,1438,63,22,80,66,0.509090909090909,0.349206349206349,0.15988455988456
"76",2005,"Duke",92,1181,51,31,83,1274,77,35,92,83,0.607843137254902,0.454545454545455,0.153297682709447
"77",2005,"Duke",88,1181,56,31,56,1199,57,19,88,56,0.553571428571429,0.333333333333333,0.220238095238095
"78",2005,"Maryland",75,1268,63,26,66,1181,72,24,66,75,0.333333333333333,0.412698412698413,-0.0793650793650794
"79",2005,"Duke",100,1181,63,30,65,1439,64,24,100,65,0.476190476190476,0.375,0.101190476190476
"80",2005,"Wake Forest",92,1448,74,34,89,1181,61,30,89,92,0.491803278688525,0.459459459459459,0.0323438192290651
"81",2005,"Duke",82,1181,64,24,65,1210,65,26,82,65,0.375,0.4,-0.025
"82",2005,"Duke",71,1181,56,20,70,1314,57,25,71,70,0.357142857142857,0.43859649122807,-0.081453634085213
"83",2005,"Maryland",99,1268,75,33,92,1181,73,29,92,99,0.397260273972603,0.44,-0.0427397260273973
"84",2005,"Virginia Tech",67,1439,64,25,65,1181,59,23,65,67,0.389830508474576,0.390625,-0.000794491525423713
"85",2005,"Duke",102,1181,54,32,92,1448,57,29,102,92,0.592592592592593,0.508771929824561,0.0838206627680311
"86",2005,"Duke",60,1181,56,19,56,1210,57,24,60,56,0.339285714285714,0.421052631578947,-0.081766917293233
"87",2005,"Duke",58,1181,51,16,47,1385,52,17,58,47,0.313725490196078,0.326923076923077,-0.0131975867269985
"88",2005,"Duke",83,1181,62,25,59,1274,60,23,83,59,0.403225806451613,0.383333333333333,0.0198924731182795
"89",2005,"North Carolina",75,1314,67,27,73,1181,56,26,73,75,0.464285714285714,0.402985074626866,0.0613006396588486
"90",2005,"Duke",76,1181,65,24,64,1438,58,22,76,64,0.369230769230769,0.379310344827586,-0.0100795755968169
"91",2005,"Duke",76,1181,56,28,69,1301,55,24,76,69,0.5,0.436363636363636,0.0636363636363637
"92",2005,"Duke",69,1181,56,22,64,1210,71,21,69,64,0.392857142857143,0.295774647887324,0.0970824949698189
"93",2006,"Duke",64,1181,55,22,47,1131,45,22,64,47,0.4,0.488888888888889,-0.0888888888888889
"94",2006,"Duke",93,1181,55,35,40,1371,54,13,93,40,0.636363636363636,0.240740740740741,0.395622895622896
"95",2006,"Duke",84,1181,59,31,55,1172,57,22,84,55,0.525423728813559,0.385964912280702,0.139458816532858
"96",2006,"Duke",78,1181,54,27,68,1180,66,27,78,68,0.5,0.409090909090909,0.0909090909090909
"97",2006,"Duke",70,1181,51,25,67,1272,66,27,70,67,0.490196078431373,0.409090909090909,0.0811051693404634
"98",2006,"Duke",75,1181,56,29,67,1231,59,29,75,67,0.517857142857143,0.491525423728814,0.0263317191283293
"99",2006,"Duke",77,1181,56,26,75,1439,62,32,77,75,0.464285714285714,0.516129032258065,-0.0518433179723502
"100",2006,"Duke",72,1181,47,23,59,1335,56,22,72,59,0.48936170212766,0.392857142857143,0.0965045592705167
"101",2006,"Duke",97,1181,58,31,66,1400,59,27,97,66,0.53448275862069,0.457627118644068,0.0768556399766218
"102",2006,"Duke",104,1181,59,34,77,1434,68,33,104,77,0.576271186440678,0.485294117647059,0.0909770687936192
"103",2006,"Duke",70,1181,54,26,57,1385,59,24,70,57,0.481481481481481,0.406779661016949,0.0747018204645323
"104",2006,"Duke",102,1181,56,32,69,1422,54,25,102,69,0.571428571428571,0.462962962962963,0.108465608465608
"105",2006,"Duke",84,1181,59,32,50,1137,55,17,84,50,0.542372881355932,0.309090909090909,0.233281972265023
"106",2006,"Duke",82,1181,51,28,64,1448,57,25,82,64,0.549019607843137,0.43859649122807,0.110423116615067
"107",2006,"Duke",76,1181,61,26,52,1268,63,19,76,52,0.426229508196721,0.301587301587302,0.12464220660942
"108",2006,"Duke",87,1181,47,27,77,1155,61,33,87,77,0.574468085106383,0.540983606557377,0.0334844785490059
"109",2006,"Duke",81,1181,58,26,68,1301,54,28,81,68,0.448275862068966,0.518518518518518,-0.070242656449553
"110",2006,"Georgetown",87,1207,52,32,84,1181,58,30,84,87,0.517241379310345,0.615384615384615,-0.0981432360742706
"111",2006,"Duke",80,1181,59,29,67,1439,63,27,80,67,0.491525423728814,0.428571428571429,0.062953995157385
"112",2006,"Duke",82,1181,47,26,63,1438,56,20,82,63,0.553191489361702,0.357142857142857,0.196048632218845
"113",2006,"Duke",83,1181,54,24,81,1130,63,31,83,81,0.444444444444444,0.492063492063492,-0.0476190476190476
"114",2006,"Duke",97,1181,64,29,96,1199,85,42,97,96,0.453125,0.494117647058824,-0.0409926470588236
"115",2006,"Duke",87,1181,59,29,83,1314,67,27,87,83,0.491525423728814,0.402985074626866,0.0885403491019479
"116",2006,"Duke",96,1181,61,29,88,1268,71,32,96,88,0.475409836065574,0.450704225352113,0.0247056107134611
"117",2006,"Duke",93,1181,61,35,70,1448,68,27,93,70,0.573770491803279,0.397058823529412,0.176711668273867
"118",2006,"Duke",92,1181,51,25,71,1274,73,30,92,71,0.490196078431373,0.410958904109589,0.0792371743217835
"119",2006,"Duke",73,1181,59,27,66,1210,57,29,73,66,0.457627118644068,0.508771929824561,-0.0511448111804936
"120",2006,"Duke",74,1181,48,22,66,1396,71,29,74,66,0.458333333333333,0.408450704225352,0.0498826291079812
"121",2006,"Florida St",79,1199,60,21,74,1181,63,28,74,79,0.444444444444444,0.35,0.0944444444444444
"122",2006,"North Carolina",83,1314,68,30,76,1181,70,29,76,83,0.414285714285714,0.441176470588235,-0.026890756302521
"123",2006,"Duke",80,1181,61,25,76,1274,63,27,80,76,0.409836065573771,0.428571428571429,-0.018735362997658
"124",2006,"Duke",78,1181,52,24,66,1448,60,25,78,66,0.461538461538462,0.416666666666667,0.0448717948717949
"125",2006,"Duke",78,1181,50,25,76,1130,52,30,78,76,0.5,0.576923076923077,-0.0769230769230769
"126",2007,"Duke",86,1181,48,28,43,1162,51,15,86,43,0.583333333333333,0.294117647058824,0.28921568627451
"127",2007,"Duke",72,1181,48,24,48,1204,62,19,72,48,0.5,0.306451612903226,0.193548387096774
"128",2007,"Duke",75,1181,58,31,48,1422,57,18,75,48,0.53448275862069,0.315789473684211,0.218693284936479
"129",2007,"Duke",71,1181,41,25,56,1102,41,20,71,56,0.609756097560976,0.48780487804878,0.121951219512195
"130",2007,"Marquette",73,1266,59,27,62,1181,53,20,62,73,0.377358490566038,0.457627118644068,-0.08026862807803
"131",2007,"Duke",75,1181,46,24,47,1172,63,18,75,47,0.521739130434783,0.285714285714286,0.236024844720497
"132",2007,"Duke",54,1181,44,14,51,1231,52,20,54,51,0.318181818181818,0.384615384615385,-0.0664335664335665
"133",2007,"Duke",61,1181,44,17,52,1207,49,21,61,52,0.386363636363636,0.428571428571429,-0.0422077922077922
"134",2007,"Duke",57,1181,43,19,45,1221,46,17,57,45,0.441860465116279,0.369565217391304,0.0722952477249748
"135",2007,"Duke",69,1181,50,25,53,1206,53,22,69,53,0.5,0.415094339622642,0.0849056603773585
"136",2007,"Duke",79,1181,50,24,72,1245,59,30,79,72,0.48,0.508474576271186,-0.0284745762711864
"137",2007,"Duke",61,1181,55,19,54,1211,57,22,61,54,0.345454545454545,0.385964912280702,-0.0405103668261563
"138",2007,"Duke",70,1181,60,28,51,1363,67,22,70,51,0.466666666666667,0.328358208955224,0.138308457711443
"139",2007,"Duke",73,1181,59,28,55,1396,67,23,73,55,0.474576271186441,0.343283582089552,0.131292689096888
"140",2007,"Virginia Tech",69,1439,60,26,67,1181,45,22,67,69,0.488888888888889,0.433333333333333,0.0555555555555555
"141",2007,"Georgia Tech",74,1210,39,22,63,1181,60,26,63,74,0.433333333333333,0.564102564102564,-0.130769230769231
"142",2007,"Duke",85,1181,41,28,63,1274,47,23,85,63,0.682926829268293,0.48936170212766,0.193565127140633
"143",2007,"Duke",62,1181,54,24,40,1448,48,16,62,40,0.444444444444444,0.333333333333333,0.111111111111111
"144",2007,"Duke",79,1181,59,31,56,1301,41,14,79,56,0.525423728813559,0.341463414634146,0.183960314179413
"145",2007,"Duke",68,1181,58,24,66,1155,55,25,68,66,0.413793103448276,0.454545454545455,-0.0407523510971787
"146",2007,"Duke",75,1181,56,28,61,1130,58,20,75,61,0.5,0.344827586206897,0.155172413793103
"147",2007,"Virginia",68,1438,58,24,66,1181,59,26,66,68,0.440677966101695,0.413793103448276,0.0268848626534191
"148",2007,"Florida St",68,1199,57,26,67,1181,52,23,67,68,0.442307692307692,0.456140350877193,-0.0138326585695007
"149",2007,"North Carolina",79,1314,61,31,73,1181,63,27,73,79,0.428571428571429,0.508196721311475,-0.0796252927400469
"150",2007,"Maryland",72,1268,64,31,60,1181,58,25,60,72,0.431034482758621,0.484375,-0.0533405172413793
"151",2007,"Duke",78,1181,59,33,70,1130,40,21,78,70,0.559322033898305,0.525,0.034322033898305
"152",2007,"Duke",71,1181,46,22,62,1210,59,28,71,62,0.478260869565217,0.474576271186441,0.00368459837877672
"153",2007,"Duke",71,1181,46,24,66,1155,55,26,71,66,0.521739130434783,0.472727272727273,0.0490118577075099
"154",2007,"Duke",67,1181,46,20,50,1385,50,17,67,50,0.434782608695652,0.34,0.0947826086956521
"155",2007,"Maryland",85,1268,63,33,77,1181,70,29,77,85,0.414285714285714,0.523809523809524,-0.10952380952381
"156",2007,"North Carolina",86,1314,62,31,72,1181,64,27,72,86,0.421875,0.5,-0.078125
"157",2007,"NC State",85,1301,51,31,80,1181,61,30,80,85,0.491803278688525,0.607843137254902,-0.116039858566377
"158",2008,"Duke",121,1181,69,39,56,1300,60,21,121,56,0.565217391304348,0.35,0.215217391304348
"159",2008,"Duke",86,1181,67,32,61,1308,55,25,86,61,0.477611940298507,0.454545454545455,0.0230664857530529
"160",2008,"Duke",83,1181,74,34,61,1343,47,22,83,61,0.459459459459459,0.468085106382979,-0.00862564692351925
"161",2008,"Duke",79,1181,46,26,66,1228,65,21,79,66,0.565217391304348,0.323076923076923,0.242140468227425
"162",2008,"Duke",77,1181,52,26,73,1266,57,26,77,73,0.5,0.456140350877193,0.043859649122807
"163",2008,"Duke",78,1181,47,26,43,1184,41,16,78,43,0.553191489361702,0.390243902439024,0.162947586922678
"164",2008,"Duke",82,1181,61,26,58,1458,65,24,82,58,0.426229508196721,0.369230769230769,0.056998738965952
"165",2008,"Duke",79,1181,57,27,73,1172,68,30,79,73,0.473684210526316,0.441176470588235,0.0325077399380805
"166",2008,"Duke",95,1181,75,37,67,1276,66,25,95,67,0.493333333333333,0.378787878787879,0.114545454545455
"167",2008,"Duke",111,1181,63,38,70,1107,64,30,111,70,0.603174603174603,0.46875,0.134424603174603
"168",2008,"Pittsburgh",65,1338,65,23,64,1181,61,23,64,65,0.377049180327869,0.353846153846154,0.023203026481715
"169",2008,"Duke",81,1181,65,29,67,1165,59,27,81,67,0.446153846153846,0.457627118644068,-0.0114732724902216
"170",2008,"Duke",74,1181,55,21,64,1396,58,20,74,64,0.381818181818182,0.344827586206897,0.0369905956112853
"171",2008,"Duke",87,1181,67,34,65,1438,59,25,87,65,0.507462686567164,0.423728813559322,0.0837338730078422
"172",2008,"Duke",70,1181,57,25,57,1199,62,22,70,57,0.43859649122807,0.354838709677419,0.0837577815506508
"173",2008,"Duke",93,1181,58,31,80,1155,62,33,93,80,0.53448275862069,0.532258064516129,0.00222469410456061
"174",2008,"Duke",81,1181,61,29,64,1439,56,23,81,64,0.475409836065574,0.410714285714286,0.064695550351288
"175",2008,"Duke",93,1181,68,32,84,1268,57,31,93,84,0.470588235294118,0.543859649122807,-0.0732714138286894
"176",2008,"Duke",92,1181,56,32,72,1301,44,24,92,72,0.571428571428571,0.545454545454545,0.025974025974026
"177",2008,"Duke",88,1181,61,25,73,1274,59,29,88,73,0.409836065573771,0.491525423728814,-0.0816893581550431
"178",2008,"Duke",89,1181,66,30,78,1314,69,28,89,78,0.454545454545455,0.405797101449275,0.0487483530961791
"179",2008,"Duke",90,1181,70,31,80,1130,58,32,90,80,0.442857142857143,0.551724137931034,-0.108866995073892
"180",2008,"Duke",77,1181,58,23,65,1268,66,27,77,65,0.396551724137931,0.409090909090909,-0.0125391849529781
"181",2008,"Wake Forest",86,1448,60,27,73,1181,64,26,73,86,0.40625,0.45,-0.04375
"182",2008,"Miami FL",96,1274,61,35,95,1181,66,30,95,96,0.454545454545455,0.573770491803279,-0.119225037257824
"183",2008,"Duke",86,1181,65,30,56,1385,60,20,86,56,0.461538461538462,0.333333333333333,0.128205128205128
"184",2008,"Duke",71,1181,56,24,58,1210,61,23,71,58,0.428571428571429,0.377049180327869,0.0515222482435597
"185",2008,"Duke",87,1181,57,22,86,1301,50,27,87,86,0.385964912280702,0.54,-0.154035087719298
"186",2008,"Duke",86,1181,65,33,70,1438,58,27,86,70,0.507692307692308,0.46551724137931,0.0421750663129973
"187",2008,"North Carolina",76,1314,76,31,68,1181,76,25,68,76,0.328947368421053,0.407894736842105,-0.0789473684210526
"188",2008,"Duke",82,1181,54,28,70,1210,61,27,82,70,0.518518518518518,0.442622950819672,0.0758955676988464
"189",2008,"Clemson",78,1155,55,28,74,1181,60,26,74,78,0.433333333333333,0.509090909090909,-0.0757575757575757
"190",2009,"Duke",80,1181,63,30,49,1342,53,16,80,49,0.476190476190476,0.30188679245283,0.174303683737646
"191",2009,"Duke",97,1181,66,32,54,1204,64,18,97,54,0.484848484848485,0.28125,0.203598484848485
"192",2009,"Duke",82,1181,55,25,79,1348,53,29,82,79,0.454545454545455,0.547169811320755,-0.0926243567753002
"193",2009,"Duke",83,1181,42,18,58,1356,57,20,83,58,0.428571428571429,0.350877192982456,0.0776942355889724
"194",2009,"Duke",71,1181,50,24,56,1276,54,19,71,56,0.48,0.351851851851852,0.128148148148148
"195",2009,"Duke",78,1181,64,29,58,1285,50,23,78,58,0.453125,0.46,-0.00687500000000002
"196",2009,"Duke",95,1181,64,35,72,1182,68,27,95,72,0.546875,0.397058823529412,0.149816176470588
"197",2009,"Duke",76,1181,57,24,60,1345,59,22,76,60,0.421052631578947,0.372881355932203,0.0481712756467439
"198",2009,"Michigan",81,1276,58,28,73,1181,65,31,73,81,0.476923076923077,0.482758620689655,-0.00583554376657824
"199",2009,"Duke",99,1181,69,36,56,1421,56,23,99,56,0.521739130434783,0.410714285714286,0.111024844720497
"200",2009,"Duke",82,1181,59,31,64,1462,53,25,82,64,0.525423728813559,0.471698113207547,0.0537256156060122
"201",2009,"Duke",92,1181,66,36,51,1259,60,19,92,51,0.545454545454545,0.316666666666667,0.228787878787879
"202",2009,"Duke",69,1181,54,22,44,1439,49,18,69,44,0.407407407407407,0.36734693877551,0.0400604686318972
"203",2009,"Duke",79,1181,59,25,67,1172,58,25,79,67,0.423728813559322,0.431034482758621,-0.00730566919929865
"204",2009,"Duke",66,1181,42,18,58,1199,71,22,66,58,0.428571428571429,0.309859154929577,0.118712273641851
"205",2009,"Duke",70,1181,59,23,56,1210,51,21,70,56,0.389830508474576,0.411764705882353,-0.0219341974077766
"206",2009,"Duke",76,1181,58,28,67,1207,51,26,76,67,0.482758620689655,0.509803921568627,-0.0270453008789722
"207",2009,"Duke",73,1181,57,29,56,1301,51,23,73,56,0.508771929824561,0.450980392156863,0.0577915376676987
"208",2009,"Duke",85,1181,73,31,44,1268,64,18,85,44,0.424657534246575,0.28125,0.143407534246575
"209",2009,"Wake Forest",70,1448,62,25,68,1181,66,22,68,70,0.333333333333333,0.403225806451613,-0.0698924731182796
"210",2009,"Duke",79,1181,67,31,54,1438,49,21,79,54,0.462686567164179,0.428571428571429,0.0341151385927506
"211",2009,"Clemson",74,1155,60,28,47,1181,52,16,47,74,0.307692307692308,0.466666666666667,-0.158974358974359
"212",2009,"Duke",78,1181,76,25,75,1274,57,27,78,75,0.328947368421053,0.473684210526316,-0.144736842105263
"213",2009,"North Carolina",101,1314,62,34,87,1181,70,34,87,101,0.485714285714286,0.548387096774194,-0.0626728110599078
"214",2009,"Boston College",80,1130,51,30,74,1181,68,29,74,80,0.426470588235294,0.588235294117647,-0.161764705882353
"215",2009,"Duke",76,1181,43,23,69,1385,50,27,76,69,0.534883720930233,0.54,-0.00511627906976753
"216",2009,"Duke",101,1181,61,33,91,1448,59,36,101,91,0.540983606557377,0.610169491525424,-0.0691858849680467
"217",2009,"Duke",78,1181,57,25,67,1268,50,24,78,67,0.43859649122807,0.48,-0.0414035087719298
"218",2009,"Duke",72,1181,59,25,65,1439,56,23,72,65,0.423728813559322,0.410714285714286,0.0130145278450363
"219",2009,"Duke",84,1181,65,26,81,1199,60,30,84,81,0.4,0.5,-0.1
"220",2009,"North Carolina",79,1314,53,28,71,1181,50,22,71,79,0.44,0.528301886792453,-0.0883018867924528
"221",2009,"Duke",66,1181,47,22,65,1130,60,23,66,65,0.468085106382979,0.383333333333333,0.0847517730496454
"222",2009,"Duke",67,1181,55,20,61,1268,63,25,67,61,0.363636363636364,0.396825396825397,-0.0331890331890332
"223",2009,"Duke",79,1181,58,24,69,1199,49,23,79,69,0.413793103448276,0.469387755102041,-0.055594651653765
"224",2010,"Duke",96,1181,62,37,62,1422,60,24,96,62,0.596774193548387,0.4,0.196774193548387
"225",2010,"Duke",74,1181,54,24,49,1157,56,16,74,49,0.444444444444444,0.285714285714286,0.158730158730159
"226",2010,"Duke",101,1181,70,37,59,1150,59,20,101,59,0.528571428571429,0.338983050847458,0.189588377723971
"227",2010,"Duke",104,1181,72,35,67,1347,67,25,104,67,0.486111111111111,0.373134328358209,0.112976782752902
"228",2010,"Duke",64,1181,55,23,53,1113,46,18,64,53,0.418181818181818,0.391304347826087,0.0268774703557312
"229",2010,"Duke",68,1181,74,21,59,1163,59,22,68,59,0.283783783783784,0.372881355932203,-0.0890975721484196
"230",2010,"Wisconsin",73,1458,59,26,69,1181,53,24,69,73,0.452830188679245,0.440677966101695,0.0121522225775504
"231",2010,"Duke",80,1181,65,28,71,1385,57,29,80,71,0.430769230769231,0.508771929824561,-0.0780026990553306
"232",2010,"Duke",113,1181,66,43,68,1205,68,28,113,68,0.651515151515151,0.411764705882353,0.239750445632799
"233",2010,"Duke",76,1181,60,27,41,1211,54,15,76,41,0.45,0.277777777777778,0.172222222222222
"234",2010,"Duke",84,1181,68,32,63,1253,61,22,84,63,0.470588235294118,0.360655737704918,0.1099324975892
"235",2010,"Duke",114,1181,60,36,55,1335,62,21,114,55,0.6,0.338709677419355,0.261290322580645
"236",2010,"Duke",74,1181,48,24,53,1155,49,16,74,53,0.5,0.326530612244898,0.173469387755102
"237",2010,"Duke",86,1181,65,29,65,1235,57,26,86,65,0.446153846153846,0.456140350877193,-0.00998650472334678
"238",2010,"Georgia Tech",71,1210,53,22,67,1181,60,26,67,71,0.433333333333333,0.415094339622642,0.0182389937106918
"239",2010,"Duke",79,1181,60,28,59,1130,48,21,79,59,0.466666666666667,0.4375,0.0291666666666667
"240",2010,"Duke",90,1181,70,30,70,1448,66,26,90,70,0.428571428571429,0.393939393939394,0.0346320346320346
"241",2010,"NC State",88,1301,55,32,74,1181,57,22,74,88,0.385964912280702,0.581818181818182,-0.19585326953748
"242",2010,"Duke",60,1181,52,24,47,1155,48,18,60,47,0.461538461538462,0.375,0.0865384615384616
"243",2010,"Duke",70,1181,58,25,56,1199,54,23,70,56,0.431034482758621,0.425925925925926,0.00510855683269473
"244",2010,"Georgetown",89,1207,46,33,77,1181,62,23,77,89,0.370967741935484,0.717391304347826,-0.346423562412342
"245",2010,"Duke",86,1181,56,25,67,1210,49,24,86,67,0.446428571428571,0.489795918367347,-0.0433673469387755
"246",2010,"Duke",66,1181,48,23,63,1130,58,24,66,63,0.479166666666667,0.413793103448276,0.0653735632183908
"247",2010,"Duke",64,1181,69,22,54,1314,58,20,64,54,0.318840579710145,0.344827586206897,-0.0259870064967517
"248",2010,"Duke",77,1181,65,27,56,1268,61,23,77,56,0.415384615384615,0.377049180327869,0.0383354350567466
"249",2010,"Duke",81,1181,60,25,74,1274,45,25,81,74,0.416666666666667,0.555555555555556,-0.138888888888889
"250",2010,"Duke",67,1181,62,18,55,1439,58,19,67,55,0.290322580645161,0.327586206896552,-0.0372636262513904
"251",2010,"Duke",70,1181,63,22,52,1409,58,19,70,52,0.349206349206349,0.327586206896552,0.0216201423097975
"252",2010,"Duke",67,1181,50,24,49,1438,51,16,67,49,0.48,0.313725490196078,0.166274509803922
"253",2010,"Maryland",79,1268,56,28,72,1181,66,26,72,79,0.393939393939394,0.5,-0.106060606060606
"254",2010,"Duke",82,1181,57,26,50,1314,48,16,82,50,0.456140350877193,0.333333333333333,0.12280701754386
"255",2010,"Duke",57,1181,55,21,46,1438,53,17,57,46,0.381818181818182,0.320754716981132,0.0610634648370498
"256",2010,"Duke",77,1181,54,26,74,1274,55,25,77,74,0.481481481481481,0.454545454545455,0.0269360269360269
"257",2010,"Duke",65,1181,51,18,61,1210,50,22,65,61,0.352941176470588,0.44,-0.0870588235294117
"258",2011,"Duke",97,1181,65,36,60,1343,50,23,97,60,0.553846153846154,0.46,0.0938461538461539
"259",2011,"Duke",79,1181,58,25,45,1275,54,18,79,45,0.431034482758621,0.333333333333333,0.0977011494252873
"260",2011,"Duke",110,1181,72,34,58,1159,68,21,110,58,0.472222222222222,0.308823529411765,0.163398692810457
"261",2011,"Duke",82,1181,64,35,77,1266,70,31,82,77,0.546875,0.442857142857143,0.104017857142857
"262",2011,"Duke",82,1181,54,26,68,1243,58,27,82,68,0.481481481481481,0.46551724137931,0.0159642401021711
"263",2011,"Duke",98,1181,62,33,71,1332,71,24,98,71,0.532258064516129,0.338028169014085,0.194229895502045
"264",2011,"Duke",84,1181,53,25,79,1277,63,31,84,79,0.471698113207547,0.492063492063492,-0.0203653788559449
"265",2011,"Duke",82,1181,53,25,70,1139,58,26,82,70,0.471698113207547,0.448275862068966,0.0234222511385817
"266",2011,"Duke",83,1181,60,30,48,1133,61,20,83,48,0.5,0.327868852459016,0.172131147540984
"267",2011,"Duke",84,1181,58,31,47,1387,49,19,84,47,0.53448275862069,0.387755102040816,0.146727656579873
"268",2011,"Duke",98,1181,63,31,72,1189,58,25,98,72,0.492063492063492,0.431034482758621,0.0610290093048714
"269",2011,"Duke",108,1181,64,39,62,1422,58,23,108,62,0.609375,0.396551724137931,0.212823275862069
"270",2011,"Duke",74,1181,60,26,63,1274,65,24,74,63,0.433333333333333,0.369230769230769,0.0641025641025641
"271",2011,"Duke",85,1181,67,31,64,1412,59,23,85,64,0.462686567164179,0.389830508474576,0.0728560586896028
"272",2011,"Duke",71,1181,62,25,64,1268,66,26,71,64,0.403225806451613,0.393939393939394,0.00928641251221896
"273",2011,"Florida St",66,1199,54,24,61,1181,61,19,61,66,0.311475409836066,0.444444444444444,-0.132969034608379
"274",2011,"Duke",76,1181,58,27,60,1438,55,19,76,60,0.46551724137931,0.345454545454545,0.120062695924765
"275",2011,"Duke",92,1181,67,34,78,1301,68,25,92,78,0.507462686567164,0.367647058823529,0.139815627743635
"276",2011,"Duke",83,1181,61,26,59,1448,55,21,83,59,0.426229508196721,0.381818181818182,0.0444113263785395
"277",2011,"Duke",84,1181,60,30,68,1130,61,28,84,68,0.5,0.459016393442623,0.040983606557377
"278",2011,"St John's",93,1385,55,32,78,1181,62,26,78,93,0.419354838709677,0.581818181818182,-0.162463343108504
"279",2011,"Duke",80,1181,57,30,62,1268,50,20,80,62,0.526315789473684,0.4,0.126315789473684
"280",2011,"Duke",76,1181,62,26,52,1301,53,21,76,52,0.419354838709677,0.39622641509434,0.0231284236153378
"281",2011,"Duke",79,1181,68,28,73,1314,68,29,79,73,0.411764705882353,0.426470588235294,-0.0147058823529412
"282",2011,"Duke",81,1181,56,28,71,1274,64,29,81,71,0.5,0.453125,0.046875
"283",2011,"Duke",56,1181,46,23,41,1438,56,16,56,41,0.5,0.285714285714286,0.214285714285714
"284",2011,"Duke",79,1181,62,28,57,1210,60,20,79,57,0.451612903225806,0.333333333333333,0.118279569892473
"285",2011,"Duke",78,1181,58,27,61,1396,61,24,78,61,0.46551724137931,0.39344262295082,0.0720746184284907
"286",2011,"Virginia Tech",64,1439,64,25,60,1181,58,23,60,64,0.396551724137931,0.390625,0.00592672413793105
"287",2011,"Duke",70,1181,52,22,59,1155,69,21,70,59,0.423076923076923,0.304347826086957,0.118729096989967
"288",2011,"North Carolina",81,1314,63,33,67,1181,62,22,67,81,0.354838709677419,0.523809523809524,-0.168970814132104
"289",2011,"Duke",87,1181,63,31,71,1268,58,26,87,71,0.492063492063492,0.448275862068966,0.0437876299945265
"290",2011,"Duke",77,1181,53,25,63,1439,57,21,77,63,0.471698113207547,0.368421052631579,0.103277060575968
"291",2011,"Duke",75,1181,58,29,58,1314,62,21,75,58,0.5,0.338709677419355,0.161290322580645
"292",2012,"Duke",77,1181,56,24,76,1125,57,27,77,76,0.428571428571429,0.473684210526316,-0.0451127819548872
"293",2012,"Duke",96,1181,57,35,55,1342,53,17,96,55,0.614035087719298,0.320754716981132,0.293280370738166
"294",2012,"Duke",74,1181,39,17,69,1277,59,26,74,69,0.435897435897436,0.440677966101695,-0.004780530204259
"295",2012,"Duke",82,1181,54,29,69,1172,62,24,82,69,0.537037037037037,0.387096774193548,0.149940262843489
"296",2012,"Duke",77,1181,54,26,67,1397,58,24,77,67,0.481481481481481,0.413793103448276,0.0676883780332056
"297",2012,"Duke",82,1181,46,26,75,1276,63,31,82,75,0.565217391304348,0.492063492063492,0.0731538992408557
"298",2012,"Duke",68,1181,56,22,61,1242,49,21,68,61,0.392857142857143,0.428571428571429,-0.0357142857142857
"299",2012,"Ohio St",85,1326,59,35,63,1181,55,26,63,85,0.472727272727273,0.593220338983051,-0.120493066255778
"300",2012,"Duke",87,1181,55,31,64,1161,59,24,87,64,0.563636363636364,0.406779661016949,0.156856702619414
"301",2012,"Duke",86,1181,57,27,80,1449,65,31,86,80,0.473684210526316,0.476923076923077,-0.00323886639676119
"302",2012,"Duke",90,1181,54,29,63,1422,59,24,90,63,0.537037037037037,0.406779661016949,0.130257376020088
"303",2012,"Duke",110,1181,63,34,70,1444,71,28,110,70,0.53968253968254,0.394366197183099,0.145316342499441
"304",2012,"Duke",85,1181,66,32,55,1335,62,22,85,55,0.484848484848485,0.354838709677419,0.130009775171065
"305",2012,"Temple",78,1396,55,31,73,1181,59,28,73,78,0.474576271186441,0.563636363636364,-0.0890600924499229
"306",2012,"Duke",81,1181,50,23,74,1210,57,28,81,74,0.46,0.491228070175439,-0.0312280701754385
"307",2012,"Duke",61,1181,46,24,58,1438,61,24,61,58,0.521739130434783,0.39344262295082,0.128296507483963
"308",2012,"Duke",73,1181,57,25,66,1155,66,26,73,66,0.43859649122807,0.393939393939394,0.0446570972886762
"309",2012,"Duke",91,1181,59,32,73,1448,53,23,91,73,0.542372881355932,0.433962264150943,0.108410617204989
"310",2012,"Florida St",76,1199,50,27,73,1181,63,25,73,76,0.396825396825397,0.54,-0.143174603174603
"311",2012,"Duke",74,1181,55,27,61,1268,57,23,74,61,0.490909090909091,0.403508771929825,0.0874003189792664
"312",2012,"Duke",83,1181,53,22,76,1385,68,30,83,76,0.415094339622642,0.441176470588235,-0.0260821309655938
"313",2012,"Duke",75,1181,57,27,60,1439,52,23,75,60,0.473684210526316,0.442307692307692,0.0313765182186235
"314",2012,"Miami FL",78,1274,67,28,74,1181,68,26,74,78,0.382352941176471,0.417910447761194,-0.0355575065847235
"315",2012,"Duke",85,1181,62,27,84,1314,63,31,85,84,0.435483870967742,0.492063492063492,-0.0565796210957501
"316",2012,"Duke",73,1181,65,25,55,1268,51,19,73,55,0.384615384615385,0.372549019607843,0.0120663650075415
"317",2012,"Duke",78,1181,69,25,73,1301,59,26,78,73,0.36231884057971,0.440677966101695,-0.0783591255219848
"318",2012,"Duke",75,1181,57,25,50,1130,44,15,75,50,0.43859649122807,0.340909090909091,0.0976874003189793
"319",2012,"Duke",74,1181,52,22,66,1199,63,25,74,66,0.423076923076923,0.396825396825397,0.0262515262515263
"320",2012,"Duke",70,1181,52,20,65,1439,66,27,70,65,0.384615384615385,0.409090909090909,-0.0244755244755245
"321",2012,"Duke",79,1181,53,24,71,1448,60,26,79,71,0.452830188679245,0.433333333333333,0.0194968553459119
"322",2012,"North Carolina",88,1314,66,36,70,1181,63,26,70,88,0.412698412698413,0.545454545454545,-0.132756132756133
"323",2012,"Duke",60,1181,54,20,56,1439,53,16,60,56,0.37037037037037,0.30188679245283,0.0684835779175402
"324",2012,"Florida St",62,1199,57,24,59,1181,51,19,59,62,0.372549019607843,0.421052631578947,-0.0485036119711042
"325",2013,"Duke",74,1181,47,24,55,1209,51,19,74,55,0.51063829787234,0.372549019607843,0.138089278264497
"326",2013,"Duke",75,1181,57,26,68,1246,51,25,75,68,0.456140350877193,0.490196078431373,-0.0340557275541796
"327",2013,"Duke",88,1181,63,30,67,1195,57,23,88,67,0.476190476190476,0.403508771929825,0.0726817042606516
"328",2013,"Duke",89,1181,55,30,71,1278,60,24,89,71,0.545454545454545,0.4,0.145454545454545
"329",2013,"Duke",67,1181,48,20,58,1433,63,21,67,58,0.416666666666667,0.333333333333333,0.0833333333333334
"330",2013,"Duke",76,1181,55,24,71,1257,66,30,76,71,0.436363636363636,0.454545454545455,-0.0181818181818182
"331",2013,"Duke",73,1181,51,24,68,1326,68,23,73,68,0.470588235294118,0.338235294117647,0.132352941176471
"332",2013,"Duke",88,1181,67,35,50,1174,65,18,88,50,0.522388059701492,0.276923076923077,0.245464982778416
"333",2013,"Duke",90,1181,59,28,67,1396,73,29,90,67,0.474576271186441,0.397260273972603,0.077315997213838
"334",2013,"Duke",88,1181,60,34,47,1165,55,20,88,47,0.566666666666667,0.363636363636364,0.203030303030303
"335",2013,"Duke",76,1181,67,29,54,1189,52,20,76,54,0.432835820895522,0.384615384615385,0.0482204362801377
"336",2013,"Duke",90,1181,63,31,77,1365,61,28,90,77,0.492063492063492,0.459016393442623,0.0330470986208691
"337",2013,"Duke",67,1181,46,21,50,1172,56,17,67,50,0.456521739130435,0.303571428571429,0.152950310559006
"338",2013,"Duke",80,1181,63,29,62,1448,56,23,80,62,0.46031746031746,0.410714285714286,0.0496031746031746
"339",2013,"Duke",68,1181,56,27,40,1155,53,15,68,40,0.482142857142857,0.283018867924528,0.199123989218329
"340",2013,"NC State",84,1301,59,30,76,1181,67,30,76,84,0.447761194029851,0.508474576271186,-0.0607133822413357
"341",2013,"Duke",73,1181,65,26,57,1210,58,22,73,57,0.4,0.379310344827586,0.0206896551724138
"342",2013,"Miami FL",90,1274,58,33,63,1181,74,22,63,90,0.297297297297297,0.568965517241379,-0.271668219944082
"343",2013,"Duke",84,1181,63,33,64,1268,60,25,84,64,0.523809523809524,0.416666666666667,0.107142857142857
"344",2013,"Duke",75,1181,54,28,70,1448,52,25,75,70,0.518518518518518,0.480769230769231,0.0377492877492877
"345",2013,"Duke",79,1181,51,31,60,1199,55,23,79,60,0.607843137254902,0.418181818181818,0.189661319073084
"346",2013,"Duke",98,1181,52,28,85,1301,66,35,98,85,0.538461538461538,0.53030303030303,0.00815850815850816
"347",2013,"Duke",62,1181,52,21,61,1130,47,21,62,61,0.403846153846154,0.446808510638298,-0.042962356792144
"348",2013,"Duke",73,1181,56,25,68,1314,66,25,73,68,0.446428571428571,0.378787878787879,0.0676406926406927
"349",2013,"Maryland",83,1268,45,27,81,1181,63,30,81,83,0.476190476190476,0.6,-0.123809523809524
"350",2013,"Duke",88,1181,56,30,56,1439,51,22,88,56,0.535714285714286,0.431372549019608,0.104341736694678
"351",2013,"Duke",89,1181,52,28,68,1130,49,24,89,68,0.538461538461538,0.489795918367347,0.0486656200941915
"352",2013,"Virginia",73,1438,52,24,68,1181,53,21,68,73,0.39622641509434,0.461538461538462,-0.0653120464441219
"353",2013,"Duke",79,1181,50,26,76,1274,64,28,79,76,0.52,0.4375,0.0825
"354",2013,"Duke",85,1181,58,30,57,1439,57,22,85,57,0.517241379310345,0.385964912280702,0.131276467029643
"355",2013,"Duke",69,1181,49,27,53,1314,62,21,69,53,0.551020408163265,0.338709677419355,0.21231073074391
"356",2013,"Maryland",83,1268,51,26,74,1181,65,27,74,83,0.415384615384615,0.509803921568627,-0.094419306184012
"357",2014,"Duke",111,1181,54,38,77,1172,62,26,111,77,0.703703703703704,0.419354838709677,0.284348864994026
"358",2014,"Kansas",94,1242,57,32,83,1181,58,30,83,94,0.517241379310345,0.56140350877193,-0.0441621294615849
"359",2014,"Duke",97,1181,62,34,64,1194,62,23,97,64,0.548387096774194,0.370967741935484,0.17741935483871
"360",2014,"Duke",91,1181,54,31,55,1421,57,19,91,55,0.574074074074074,0.333333333333333,0.240740740740741
"361",2014,"Duke",83,1181,57,27,74,1187,62,25,83,74,0.473684210526316,0.403225806451613,0.0704584040747029
"362",2014,"Duke",91,1181,57,28,90,1436,54,35,91,90,0.491228070175439,0.648148148148148,-0.15692007797271
"363",2014,"Duke",74,1181,51,22,64,1104,57,23,74,64,0.431372549019608,0.403508771929825,0.0278637770897833
"364",2014,"Arizona",72,1112,47,23,66,1181,58,25,66,72,0.431034482758621,0.48936170212766,-0.0583272193690389
"365",2014,"Duke",79,1181,56,28,69,1276,56,25,79,69,0.5,0.446428571428571,0.0535714285714285
"366",2014,"Duke",85,1181,56,28,66,1205,50,27,85,66,0.5,0.54,-0.04
"367",2014,"Duke",80,1181,64,31,63,1417,60,24,80,63,0.484375,0.4,0.084375
"368",2014,"Duke",82,1181,60,24,59,1185,56,21,82,59,0.4,0.375,0.025
"369",2014,"Duke",86,1181,66,32,48,1189,54,19,86,48,0.484848484848485,0.351851851851852,0.132996632996633
"370",2014,"Notre Dame",79,1323,57,30,77,1181,58,24,77,79,0.413793103448276,0.526315789473684,-0.112522686025408
"371",2014,"Duke",79,1181,51,24,57,1210,53,26,79,57,0.470588235294118,0.490566037735849,-0.0199778024417314
"372",2014,"Clemson",72,1155,53,25,59,1181,59,20,59,72,0.338983050847458,0.471698113207547,-0.13271506236009
"373",2014,"Duke",69,1181,49,22,65,1438,55,21,69,65,0.448979591836735,0.381818181818182,0.0671614100185529
"374",2014,"Duke",95,1181,66,33,60,1301,52,25,95,60,0.5,0.480769230769231,0.0192307692307692
"375",2014,"Duke",67,1181,56,24,46,1274,48,17,67,46,0.428571428571429,0.354166666666667,0.0744047619047619
"376",2014,"Duke",78,1181,59,18,56,1199,44,22,78,56,0.305084745762712,0.5,-0.194915254237288
"377",2014,"Duke",80,1181,58,28,65,1338,51,21,80,65,0.482758620689655,0.411764705882353,0.0709939148073023
"378",2014,"Syracuse",91,1393,54,31,89,1181,72,31,89,91,0.430555555555556,0.574074074074074,-0.143518518518518
"379",2014,"Duke",83,1181,53,27,63,1448,39,19,83,63,0.509433962264151,0.487179487179487,0.0222544750846638
"380",2014,"Duke",89,1181,57,32,68,1130,50,23,89,68,0.56140350877193,0.46,0.10140350877193
"381",2014,"Duke",69,1181,54,18,67,1268,62,26,69,67,0.333333333333333,0.419354838709677,-0.0860215053763441
"382",2014,"Duke",68,1181,53,24,51,1210,46,18,68,51,0.452830188679245,0.391304347826087,0.0615258408531583
"383",2014,"North Carolina",74,1314,55,26,66,1181,63,27,66,74,0.428571428571429,0.472727272727273,-0.0441558441558442
"384",2014,"Duke",66,1181,48,23,60,1393,62,24,66,60,0.479166666666667,0.387096774193548,0.0920698924731183
"385",2014,"Duke",66,1181,62,24,48,1439,47,20,66,48,0.387096774193548,0.425531914893617,-0.0384351407000686
"386",2014,"Wake Forest",82,1448,56,26,72,1181,63,27,72,82,0.428571428571429,0.464285714285714,-0.0357142857142858
"387",2014,"Duke",93,1181,57,29,81,1314,52,31,93,81,0.508771929824561,0.596153846153846,-0.0873819163292847
"388",2014,"Duke",63,1181,55,22,62,1155,43,22,63,62,0.4,0.511627906976744,-0.111627906976744
"389",2014,"Duke",75,1181,49,28,67,1301,55,27,75,67,0.571428571428571,0.490909090909091,0.0805194805194805
"390",2014,"Virginia",72,1438,47,21,63,1181,63,24,63,72,0.380952380952381,0.446808510638298,-0.0658561296859169
"391",2015,"Duke",113,1181,69,42,44,1342,52,18,113,44,0.608695652173913,0.346153846153846,0.262541806020067
"392",2015,"Duke",109,1181,62,40,59,1193,53,22,109,59,0.645161290322581,0.415094339622642,0.230066950699939
"393",2015,"Duke",81,1181,50,27,71,1277,60,30,81,71,0.54,0.5,0.04
"394",2015,"Duke",74,1181,64,25,54,1396,59,22,74,54,0.390625,0.372881355932203,0.0177436440677966
"395",2015,"Duke",70,1181,56,22,59,1390,61,22,70,59,0.392857142857143,0.360655737704918,0.0322014051522248
"396",2015,"Duke",93,1181,66,38,54,1202,56,19,93,54,0.575757575757576,0.339285714285714,0.236471861471861
"397",2015,"Duke",93,1181,60,31,73,1119,57,26,93,73,0.516666666666667,0.456140350877193,0.0605263157894738
"398",2015,"Duke",80,1181,46,30,70,1458,54,22,80,70,0.652173913043478,0.407407407407407,0.244766505636071
"399",2015,"Duke",75,1181,56,29,62,1189,59,25,75,62,0.517857142857143,0.423728813559322,0.0941283292978209
"400",2015,"Duke",66,1181,48,18,56,1163,54,23,66,56,0.375,0.425925925925926,-0.0509259259259259
"401",2015,"Duke",86,1181,52,29,69,1405,61,29,86,69,0.557692307692308,0.475409836065574,0.082282471626734
"402",2015,"Duke",84,1181,52,29,55,1459,55,21,84,55,0.557692307692308,0.381818181818182,0.175874125874126
"403",2015,"Duke",85,1181,57,27,62,1130,65,26,85,62,0.473684210526316,0.4,0.0736842105263157
"404",2015,"Duke",73,1181,59,26,65,1448,61,28,73,65,0.440677966101695,0.459016393442623,-0.0183384273409281
"405",2015,"NC State",87,1301,60,33,75,1181,65,24,75,87,0.369230769230769,0.55,-0.180769230769231
"406",2015,"Miami FL",90,1274,56,29,74,1181,66,29,74,90,0.439393939393939,0.517857142857143,-0.0784632034632035
"407",2015,"Duke",63,1181,43,21,52,1257,61,18,63,52,0.488372093023256,0.295081967213115,0.193290125810141
"408",2015,"Duke",79,1181,52,24,65,1338,60,27,79,65,0.461538461538462,0.45,0.0115384615384616
"409",2015,"Duke",77,1181,54,26,68,1385,61,27,77,68,0.481481481481481,0.442622950819672,0.0388585306618093
"410",2015,"Notre Dame",77,1323,56,29,73,1181,61,28,73,77,0.459016393442623,0.517857142857143,-0.0588407494145199
"411",2015,"Duke",69,1181,55,28,63,1438,63,26,69,63,0.509090909090909,0.412698412698413,0.0963924963924964
"412",2015,"Duke",72,1181,57,26,66,1210,56,26,72,66,0.456140350877193,0.464285714285714,-0.00814536340852134
"413",2015,"Duke",90,1181,51,31,60,1323,58,23,90,60,0.607843137254902,0.396551724137931,0.211291413116971
"414",2015,"Duke",73,1181,51,23,70,1199,53,24,73,70,0.450980392156863,0.452830188679245,-0.00184979652238254
"415",2015,"Duke",80,1181,57,27,72,1393,67,29,80,72,0.473684210526316,0.432835820895522,0.0408483896307934
"416",2015,"Duke",92,1181,65,33,90,1314,83,38,92,90,0.507692307692308,0.457831325301205,0.0498609823911029
"417",2015,"Duke",78,1181,58,30,56,1155,53,22,78,56,0.517241379310345,0.415094339622642,0.102147039687703
"418",2015,"Duke",91,1181,59,35,86,1439,58,31,91,86,0.593220338983051,0.53448275862069,0.0587375803623612
"419",2015,"Duke",73,1181,58,28,54,1393,62,19,73,54,0.482758620689655,0.306451612903226,0.176307007786429
"420",2015,"Duke",94,1181,59,34,51,1448,53,22,94,51,0.576271186440678,0.415094339622642,0.161176846818036
"421",2015,"Duke",84,1181,59,27,77,1314,58,28,84,77,0.457627118644068,0.482758620689655,-0.0251315020455874
"422",2015,"Duke",77,1181,53,30,53,1301,56,20,77,53,0.566037735849057,0.357142857142857,0.208894878706199
"423",2015,"Notre Dame",74,1323,50,25,64,1181,60,27,64,74,0.45,0.5,-0.05
"424",2016,"Duke",92,1181,66,30,74,1373,64,27,92,74,0.454545454545455,0.421875,0.0326704545454545
"425",2016,"Duke",113,1181,73,39,75,1136,58,28,113,75,0.534246575342466,0.482758620689655,0.0514879546528106
"426",2016,"Kentucky",74,1246,67,30,63,1181,54,22,63,74,0.407407407407407,0.447761194029851,-0.0403537866224434
"427",2016,"Duke",79,1181,53,26,71,1433,63,29,79,71,0.490566037735849,0.46031746031746,0.0302485774183888
"428",2016,"Duke",86,1181,52,25,84,1207,51,28,86,84,0.480769230769231,0.549019607843137,-0.0682503770739065
"429",2016,"Duke",80,1181,58,28,61,1463,63,25,80,61,0.482758620689655,0.396825396825397,0.0859332238642584
"430",2016,"Duke",85,1181,54,30,52,1429,57,19,85,52,0.555555555555556,0.333333333333333,0.222222222222222
"431",2016,"Duke",94,1181,70,37,74,1231,53,27,94,74,0.528571428571429,0.509433962264151,0.0191374663072776
"432",2016,"Duke",82,1181,59,24,59,1138,66,22,82,59,0.406779661016949,0.333333333333333,0.0734463276836159
"433",2016,"Duke",99,1181,66,35,65,1204,72,28,99,65,0.53030303030303,0.388888888888889,0.141414141414141
"434",2016,"Utah",77,1428,62,28,75,1181,77,23,75,77,0.298701298701299,0.451612903225806,-0.152911604524508
"435",2016,"Duke",105,1181,76,39,66,1189,66,25,105,66,0.513157894736842,0.378787878787879,0.134370015948963
"436",2016,"Duke",103,1181,64,32,81,1253,66,31,103,81,0.5,0.46969696969697,0.0303030303030303
"437",2016,"Duke",81,1181,49,27,64,1130,56,24,81,64,0.551020408163265,0.428571428571429,0.122448979591837
"438",2016,"Duke",91,1181,58,30,75,1448,65,29,91,75,0.517241379310345,0.446153846153846,0.0710875331564987
"439",2016,"Duke",82,1181,57,27,58,1439,56,21,82,58,0.473684210526316,0.375,0.0986842105263158
"440",2016,"Clemson",68,1155,55,25,63,1181,51,25,63,68,0.490196078431373,0.454545454545455,0.035650623885918
"441",2016,"Notre Dame",95,1323,72,36,91,1181,56,29,91,95,0.517857142857143,0.5,0.0178571428571429
"442",2016,"Syracuse",64,1393,71,25,62,1181,62,23,62,64,0.370967741935484,0.352112676056338,0.0188550658791459
"443",2016,"Duke",88,1181,59,32,78,1301,60,31,88,78,0.542372881355932,0.516666666666667,0.0257062146892655
"444",2016,"Miami FL",80,1274,59,30,69,1181,60,25,69,80,0.416666666666667,0.508474576271186,-0.0918079096045197
"445",2016,"Duke",80,1181,58,28,71,1210,73,31,80,71,0.482758620689655,0.424657534246575,0.0581010864430799
"446",2016,"Duke",88,1181,51,25,80,1301,64,29,88,80,0.490196078431373,0.453125,0.0370710784313725
"447",2016,"Duke",72,1181,47,21,65,1257,59,25,72,65,0.446808510638298,0.423728813559322,0.0230796970789758
"448",2016,"Duke",63,1181,51,23,62,1438,54,26,63,62,0.450980392156863,0.481481481481481,-0.0305010893246187
"449",2016,"Duke",74,1181,65,27,73,1314,70,30,74,73,0.415384615384615,0.428571428571429,-0.0131868131868131
"450",2016,"Louisville",71,1257,56,28,64,1181,47,21,64,71,0.446808510638298,0.5,-0.0531914893617021
"451",2016,"Duke",80,1181,65,28,65,1199,54,27,80,65,0.430769230769231,0.5,-0.0692307692307692
"452",2016,"Pittsburgh",76,1338,56,28,62,1181,48,18,62,76,0.375,0.5,-0.125
"453",2016,"Duke",79,1181,63,23,71,1448,60,27,79,71,0.365079365079365,0.45,-0.084920634920635
"454",2016,"North Carolina",76,1314,73,26,72,1181,67,25,72,76,0.373134328358209,0.356164383561644,0.0169699447965652
"455",2016,"Duke",92,1181,63,33,89,1301,65,36,92,89,0.523809523809524,0.553846153846154,-0.03003663003663
"456",2016,"Notre Dame",84,1323,60,30,79,1181,73,25,79,84,0.342465753424658,0.5,-0.157534246575342
"457",2017,"Duke",94,1181,68,30,49,1265,65,15,94,49,0.441176470588235,0.230769230769231,0.210407239819004
"458",2017,"Duke",96,1181,60,32,61,1213,62,26,96,61,0.533333333333333,0.419354838709677,0.113978494623656
"459",2017,"Kansas",77,1242,65,33,75,1181,47,23,75,77,0.48936170212766,0.507692307692308,-0.0183306055646481
"460",2017,"Duke",78,1181,57,27,68,1336,64,28,78,68,0.473684210526316,0.4375,0.0361842105263158
"461",2017,"Duke",75,1181,60,27,65,1348,59,25,75,65,0.45,0.423728813559322,0.026271186440678
"462",2017,"Duke",88,1181,60,30,67,1456,53,23,88,67,0.5,0.433962264150943,0.0660377358490566
"463",2017,"Duke",93,1181,66,32,58,1111,54,18,93,58,0.484848484848485,0.333333333333333,0.151515151515152
"464",2017,"Duke",78,1181,66,30,69,1277,55,27,78,69,0.454545454545455,0.490909090909091,-0.0363636363636364
"465",2017,"Duke",94,1181,55,33,55,1263,69,21,94,55,0.6,0.304347826086957,0.295652173913043
"466",2017,"Duke",84,1181,61,32,74,1196,61,26,84,74,0.524590163934426,0.426229508196721,0.098360655737705
"467",2017,"Duke",94,1181,63,37,45,1424,54,16,94,45,0.587301587301587,0.296296296296296,0.291005291005291
"468",2017,"Duke",65,1181,51,19,55,1398,51,22,65,55,0.372549019607843,0.431372549019608,-0.0588235294117647
"469",2017,"Duke",72,1181,63,23,61,1189,60,24,72,61,0.365079365079365,0.4,-0.034920634920635
"470",2017,"Virginia Tech",89,1439,58,32,75,1181,67,28,75,89,0.417910447761194,0.551724137931034,-0.13381369016984
"471",2017,"Duke",110,1181,70,39,57,1210,63,22,110,57,0.557142857142857,0.349206349206349,0.207936507936508
"472",2017,"Duke",93,1181,56,31,82,1130,62,32,93,82,0.553571428571429,0.516129032258065,0.0374423963133641
"473",2017,"Florida St",88,1199,66,35,72,1181,56,23,72,88,0.410714285714286,0.53030303030303,-0.119588744588745
"474",2017,"Louisville",78,1257,59,28,69,1181,47,22,69,78,0.468085106382979,0.474576271186441,-0.00649116480346196
"475",2017,"Duke",70,1181,52,24,58,1274,55,22,70,58,0.461538461538462,0.4,0.0615384615384615
"476",2017,"NC State",84,1301,57,29,82,1181,64,30,82,84,0.46875,0.508771929824561,-0.0400219298245614
"477",2017,"Duke",85,1181,58,28,83,1448,55,26,85,83,0.482758620689655,0.472727272727273,0.0100313479623825
"478",2017,"Duke",84,1181,54,28,74,1323,56,24,84,74,0.518518518518518,0.428571428571429,0.0899470899470899
"479",2017,"Duke",72,1181,55,25,64,1338,51,26,72,64,0.454545454545455,0.509803921568627,-0.0552584670231729
"480",2017,"Duke",86,1181,57,30,78,1314,61,32,86,78,0.526315789473684,0.524590163934426,0.00172562553925792
"481",2017,"Duke",64,1181,50,21,62,1155,58,22,64,62,0.42,0.379310344827586,0.0406896551724138
"482",2017,"Duke",65,1181,42,19,55,1438,57,21,65,55,0.452380952380952,0.368421052631579,0.0839598997493735
"483",2017,"Duke",99,1181,61,36,94,1448,69,35,99,94,0.590163934426229,0.507246376811594,0.0829175576146353
"484",2017,"Syracuse",78,1393,47,25,75,1181,64,25,75,78,0.390625,0.531914893617021,-0.141289893617021
"485",2017,"Miami FL",55,1274,58,22,50,1181,66,21,50,55,0.318181818181818,0.379310344827586,-0.061128526645768
"486",2017,"Duke",75,1181,59,27,70,1199,65,27,75,70,0.457627118644068,0.415384615384615,0.0422425032594524
"487",2017,"North Carolina",90,1314,67,34,83,1181,54,24,83,90,0.444444444444444,0.507462686567164,-0.0630182421227198
"488",2017,"Duke",79,1181,61,30,72,1155,56,22,79,72,0.491803278688525,0.392857142857143,0.0989461358313817
"489",2017,"Duke",81,1181,59,26,77,1257,60,29,81,77,0.440677966101695,0.483333333333333,-0.0426553672316384
"490",2017,"Duke",93,1181,50,25,83,1314,78,32,93,83,0.5,0.41025641025641,0.0897435897435898
"491",2017,"Duke",75,1181,51,31,69,1323,67,27,75,69,0.607843137254902,0.402985074626866,0.204858062628036
"492",2018,"Duke",97,1181,74,41,68,1189,63,25,97,68,0.554054054054054,0.396825396825397,0.157228657228657
"493",2018,"Duke",99,1181,73,39,69,1430,67,25,99,69,0.534246575342466,0.373134328358209,0.161112246984257
"494",2018,"Duke",88,1181,76,30,81,1277,61,31,88,81,0.394736842105263,0.508196721311475,-0.113459879206212
"495",2018,"Duke",78,1181,56,25,61,1380,67,22,78,61,0.446428571428571,0.328358208955224,0.118070362473348
"496",2018,"Duke",92,1181,64,39,63,1202,64,25,92,63,0.609375,0.390625,0.21875
"497",2018,"Duke",99,1181,63,32,81,1340,77,30,99,81,0.507936507936508,0.38961038961039,0.118326118326118
"498",2018,"Duke",85,1181,67,30,78,1400,70,30,85,78,0.447761194029851,0.428571428571429,0.0191897654584222
"499",2018,"Duke",87,1181,66,29,84,1196,71,30,87,84,0.439393939393939,0.422535211267606,0.0168587281263338
"500",2018,"Duke",91,1181,60,33,81,1231,59,30,91,81,0.55,0.508474576271186,0.0415254237288136
"501",2018,"Duke",96,1181,63,35,80,1377,68,30,96,80,0.555555555555556,0.441176470588235,0.11437908496732
"502",2018,"Duke",124,1181,80,48,67,1384,71,24,124,67,0.6,0.338028169014085,0.261971830985915
"503",2018,"Boston College",89,1130,61,31,84,1181,69,32,84,89,0.463768115942029,0.508196721311475,-0.0444286053694464
"504",2018,"Duke",104,1181,63,39,40,1191,50,15,104,40,0.619047619047619,0.3,0.319047619047619
"505",2018,"Duke",100,1181,83,39,93,1199,69,31,100,93,0.469879518072289,0.449275362318841,0.0206041557534486
"506",2018,"NC State",96,1301,67,34,85,1181,60,31,85,96,0.516666666666667,0.507462686567164,0.00920398009950252
"507",2018,"Duke",87,1181,64,34,52,1338,51,17,87,52,0.53125,0.333333333333333,0.197916666666667
"508",2018,"Duke",89,1181,57,25,71,1448,75,27,89,71,0.43859649122807,0.36,0.0785964912280702
"509",2018,"Duke",83,1181,56,31,75,1274,78,29,83,75,0.553571428571429,0.371794871794872,0.181776556776557
"510",2018,"Duke",81,1181,56,29,54,1338,49,20,81,54,0.517857142857143,0.408163265306122,0.10969387755102
"511",2018,"Duke",84,1181,53,24,70,1448,62,27,84,70,0.452830188679245,0.435483870967742,0.0173463177115034
"512",2018,"Virginia",65,1438,66,26,63,1181,56,27,63,65,0.482142857142857,0.393939393939394,0.0882034632034632
"513",2018,"Duke",88,1181,64,32,66,1323,61,22,88,66,0.5,0.360655737704918,0.139344262295082
"514",2018,"St John's",81,1385,65,30,77,1181,51,24,77,81,0.470588235294118,0.461538461538462,0.00904977375565608
"515",2018,"North Carolina",82,1314,77,30,78,1181,62,30,78,82,0.483870967741935,0.38961038961039,0.0942605781315459
"516",2018,"Duke",80,1181,59,26,69,1210,66,22,80,69,0.440677966101695,0.333333333333333,0.107344632768362
"517",2018,"Duke",74,1181,52,26,52,1439,49,21,74,52,0.5,0.428571428571429,0.0714285714285715
"518",2018,"Duke",66,1181,49,19,57,1155,61,21,66,57,0.387755102040816,0.344262295081967,0.0434928069588491
"519",2018,"Duke",82,1181,60,29,56,1257,64,23,82,56,0.483333333333333,0.359375,0.123958333333333
"520",2018,"Duke",60,1181,53,22,44,1393,54,17,60,44,0.415094339622642,0.314814814814815,0.100279524807827
"521",2018,"Virginia Tech",64,1439,50,22,63,1181,54,22,63,64,0.407407407407407,0.44,-0.0325925925925926
"522",2018,"Duke",74,1181,62,28,64,1314,70,26,74,64,0.451612903225806,0.371428571428571,0.080184331797235
"523",2018,"Duke",88,1181,65,36,70,1323,67,30,88,70,0.553846153846154,0.447761194029851,0.106084959816303
"524",2018,"North Carolina",74,1314,71,28,69,1181,54,22,69,74,0.407407407407407,0.394366197183099,0.0130412102243088
"525",2019,"Duke",118,1181,79,43,84,1246,59,26,118,84,0.544303797468354,0.440677966101695,0.10362583136666
"526",2019,"Duke",94,1181,72,35,72,1119,78,28,94,72,0.486111111111111,0.358974358974359,0.127136752136752
"527",2019,"Duke",84,1181,77,36,46,1185,68,21,84,46,0.467532467532468,0.308823529411765,0.158708938120703
"528",2019,"Duke",90,1181,57,29,64,1361,53,19,90,64,0.508771929824561,0.358490566037736,0.150281363786826
"529",2019,"Duke",78,1181,54,24,72,1120,77,28,78,72,0.444444444444444,0.363636363636364,0.0808080808080808
"530",2019,"Gonzaga",89,1211,65,34,87,1181,72,31,87,89,0.430555555555556,0.523076923076923,-0.0925213675213675
"531",2019,"Duke",90,1181,63,33,69,1231,64,25,90,69,0.523809523809524,0.390625,0.133184523809524
"532",2019,"Duke",113,1181,78,45,49,1391,62,20,113,49,0.576923076923077,0.32258064516129,0.254342431761787
"533",2019,"Duke",84,1181,69,35,54,1216,61,20,84,54,0.507246376811594,0.327868852459016,0.179377524352578
"534",2019,"Duke",91,1181,67,33,58,1463,65,23,91,58,0.492537313432836,0.353846153846154,0.138691159586682
"535",2019,"Duke",101,1181,67,35,50,1343,61,18,101,50,0.522388059701492,0.295081967213115,0.227306092488378
"536",2019,"Duke",69,1181,60,23,58,1403,57,22,69,58,0.383333333333333,0.385964912280702,-0.00263157894736837
"537",2019,"Duke",87,1181,67,32,68,1155,63,27,87,68,0.477611940298507,0.428571428571429,0.0490405117270789
"538",2019,"Duke",87,1181,62,36,65,1448,65,22,87,65,0.580645161290323,0.338461538461538,0.242183622828784
"539",2019,"Duke",80,1181,65,30,78,1199,62,25,80,78,0.461538461538462,0.403225806451613,0.0583126550868487
"540",2019,"Syracuse",95,1393,80,35,91,1181,80,31,91,95,0.3875,0.4375,-0.05
"541",2019,"Duke",72,1181,51,26,70,1438,53,28,72,70,0.509803921568627,0.528301886792453,-0.0184979652238254
"542",2019,"Duke",79,1181,65,28,64,1338,53,22,79,64,0.430769230769231,0.415094339622642,0.0156748911465893
"543",2019,"Duke",66,1181,58,24,53,1210,58,24,66,53,0.413793103448276,0.413793103448276,0
"544",2019,"Duke",83,1181,59,32,61,1323,66,23,83,61,0.542372881355932,0.348484848484849,0.193888032871084
"545",2019,"Duke",91,1181,63,35,61,1385,68,23,91,61,0.555555555555556,0.338235294117647,0.217320261437909
"546",2019,"Duke",80,1181,65,29,55,1130,56,20,80,55,0.446153846153846,0.357142857142857,0.089010989010989
"547",2019,"Duke",81,1181,45,26,71,1438,60,28,81,71,0.577777777777778,0.466666666666667,0.111111111111111
"548",2019,"Duke",71,1181,63,23,69,1257,60,25,71,69,0.365079365079365,0.416666666666667,-0.0515873015873016
"549",2019,"Duke",94,1181,66,35,78,1301,66,33,94,78,0.53030303030303,0.5,0.0303030303030303
"550",2019,"North Carolina",88,1314,75,38,72,1181,72,25,72,88,0.347222222222222,0.506666666666667,-0.159444444444444
"551",2019,"Duke",75,1181,59,26,65,1393,70,24,75,65,0.440677966101695,0.342857142857143,0.097820823244552
"552",2019,"Virginia Tech",77,1439,50,23,72,1181,50,25,72,77,0.5,0.46,0.04
"553",2019,"Duke",87,1181,63,36,57,1274,63,22,87,57,0.571428571428571,0.349206349206349,0.222222222222222
"554",2019,"Duke",71,1181,58,24,70,1448,71,28,71,70,0.413793103448276,0.394366197183099,0.0194269062651773
"555",2019,"North Carolina",79,1314,74,30,70,1181,73,25,70,79,0.342465753424658,0.405405405405405,-0.0629396519807479
"556",2019,"Duke",84,1181,54,29,72,1393,52,25,84,72,0.537037037037037,0.480769230769231,0.0562678062678063
"557",2019,"Duke",74,1181,65,31,73,1314,73,29,74,73,0.476923076923077,0.397260273972603,0.0796628029504742
"558",2019,"Duke",73,1181,55,27,63,1199,63,20,73,63,0.490909090909091,0.317460317460317,0.173448773448773
"559",2020,"Duke",68,1181,64,23,66,1242,50,23,68,66,0.359375,0.46,-0.100625
"560",2020,"Duke",89,1181,69,37,55,1161,55,18,89,55,0.536231884057971,0.327272727272727,0.208959156785244
"561",2020,"Duke",105,1181,74,42,54,1146,51,18,105,54,0.567567567567568,0.352941176470588,0.214626391096979
"562",2020,"Duke",74,1181,73,25,63,1209,60,25,74,63,0.342465753424658,0.416666666666667,-0.0742009132420092
"563",2020,"Duke",87,1181,65,27,52,1143,52,19,87,52,0.415384615384615,0.365384615384615,0.05
"564",2020,"Duke",81,1181,65,27,73,1207,55,28,81,73,0.415384615384615,0.509090909090909,-0.0937062937062936
"565",2020,"SF Austin",85,1372,74,36,83,1181,54,27,83,85,0.5,0.486486486486487,0.0135135135135135
"566",2020,"Duke",83,1181,57,30,70,1457,66,29,83,70,0.526315789473684,0.439393939393939,0.0869218500797448
"567",2020,"Duke",87,1181,57,32,75,1277,62,28,87,75,0.56140350877193,0.451612903225806,0.109790605546123
"568",2020,"Duke",77,1181,63,30,63,1439,56,27,77,63,0.476190476190476,0.482142857142857,-0.00595238095238099
"569",2020,"Duke",86,1181,59,32,57,1459,62,22,86,57,0.542372881355932,0.354838709677419,0.187534171678513
"570",2020,"Duke",75,1181,68,30,50,1135,53,18,75,50,0.441176470588235,0.339622641509434,0.101553829078801
"571",2020,"Duke",88,1181,68,35,49,1130,62,21,88,49,0.514705882352941,0.338709677419355,0.175996204933586
"572",2020,"Duke",95,1181,67,40,62,1274,58,23,95,62,0.597014925373134,0.396551724137931,0.200463201235203
"573",2020,"Duke",73,1181,54,28,64,1210,64,23,73,64,0.518518518518518,0.359375,0.159143518518518
"574",2020,"Duke",90,1181,62,33,59,1448,55,23,90,59,0.532258064516129,0.418181818181818,0.114076246334311
"575",2020,"Clemson",79,1155,53,30,72,1181,54,27,72,79,0.5,0.566037735849057,-0.0660377358490566
"576",2020,"Louisville",79,1257,60,29,73,1181,62,23,73,79,0.370967741935484,0.483333333333333,-0.112365591397849
"577",2020,"Duke",89,1181,64,34,59,1274,60,18,89,59,0.53125,0.3,0.23125
"578",2020,"Duke",79,1181,62,30,67,1338,57,25,79,67,0.483870967741935,0.43859649122807,0.0452744765138653
"579",2020,"Duke",97,1181,54,31,88,1393,70,27,97,88,0.574074074074074,0.385714285714286,0.188359788359788
"580",2020,"Duke",63,1181,61,23,55,1130,59,22,63,55,0.377049180327869,0.372881355932203,0.00416782439566543
"581",2020,"Duke",98,1181,80,34,96,1314,69,36,98,96,0.425,0.521739130434783,-0.0967391304347826
"582",2020,"Duke",70,1181,51,23,65,1199,66,25,70,65,0.450980392156863,0.378787878787879,0.072192513368984
"583",2020,"Duke",94,1181,69,39,60,1323,63,23,94,60,0.565217391304348,0.365079365079365,0.200138026224983
"584",2020,"NC State",88,1301,71,32,66,1181,69,26,66,88,0.376811594202899,0.450704225352113,-0.0738926311492141
"585",2020,"Duke",88,1181,62,27,64,1439,67,25,88,64,0.435483870967742,0.373134328358209,0.062349542609533
"586",2020,"Wake Forest",113,1448,68,35,101,1181,75,32,101,113,0.426666666666667,0.514705882352941,-0.0880392156862744
"587",2020,"Virginia",52,1438,50,21,50,1181,59,18,50,52,0.305084745762712,0.42,-0.114915254237288
"588",2020,"Duke",88,1181,63,30,69,1301,60,26,88,69,0.476190476190476,0.433333333333333,0.0428571428571428
"589",2020,"Duke",89,1181,53,25,76,1314,71,29,89,76,0.471698113207547,0.408450704225352,0.0632474089821951
"590",2021,"Duke",81,1181,64,34,71,1164,70,23,81,71,0.53125,0.328571428571429,0.202678571428571
"591",2021,"Michigan St",75,1277,63,27,69,1181,62,20,69,75,0.32258064516129,0.428571428571429,-0.105990783410138
"592",2021,"Duke",76,1181,56,29,54,1468,53,23,76,54,0.517857142857143,0.433962264150943,0.0838948787061995
"593",2021,"Illinois",83,1228,50,29,68,1181,67,27,68,83,0.402985074626866,0.58,-0.177014925373134
"594",2021,"Duke",75,1181,60,31,65,1323,49,23,75,65,0.516666666666667,0.469387755102041,0.0472789115646259
"595",2021,"Duke",83,1181,67,30,82,1130,57,32,83,82,0.447761194029851,0.56140350877193,-0.113642314742079
"596",2021,"Duke",79,1181,61,31,68,1448,48,22,79,68,0.508196721311475,0.458333333333333,0.0498633879781421
"597",2021,"Virginia Tech",74,1439,56,28,67,1181,60,24,67,74,0.4,0.5,-0.1
"598",2021,"Pittsburgh",79,1338,52,24,73,1181,70,27,73,79,0.385714285714286,0.461538461538462,-0.0758241758241758
"599",2021,"Louisville",70,1257,50,23,65,1181,54,25,65,70,0.462962962962963,0.46,0.00296296296296295
"600",2021,"Duke",75,1181,58,26,68,1210,64,28,75,68,0.448275862068966,0.4375,0.0107758620689655
"601",2021,"Duke",79,1181,61,28,53,1155,57,20,79,53,0.459016393442623,0.350877192982456,0.108139200460167
"602",2021,"Miami FL",77,1274,59,31,75,1181,63,29,75,77,0.46031746031746,0.525423728813559,-0.0651062684960991
"603",2021,"North Carolina",91,1314,64,34,87,1181,67,36,87,91,0.537313432835821,0.53125,0.00606343283582089
"604",2021,"Notre Dame",93,1323,58,32,89,1181,69,36,89,93,0.521739130434783,0.551724137931034,-0.0299850074962519
"605",2021,"Duke",69,1181,47,24,53,1301,51,23,69,53,0.51063829787234,0.450980392156863,0.0596579057154776
"606",2021,"Duke",84,1181,61,33,60,1448,51,20,84,60,0.540983606557377,0.392156862745098,0.148826743812279
"607",2021,"Duke",66,1181,51,26,65,1438,52,26,66,65,0.509803921568627,0.5,0.00980392156862742
"608",2021,"Duke",85,1181,64,34,71,1393,69,28,85,71,0.53125,0.405797101449275,0.125452898550725
"609",2021,"Louisville",80,1257,66,30,73,1181,58,26,73,80,0.448275862068966,0.454545454545455,-0.00626959247648901
"610",2021,"Georgia Tech",81,1210,64,29,77,1181,68,30,77,81,0.441176470588235,0.453125,-0.0119485294117647
"611",2021,"North Carolina",91,1314,56,31,73,1181,69,28,73,91,0.405797101449275,0.553571428571429,-0.147774327122153
"612",2021,"Duke",86,1181,61,32,51,1130,46,18,86,51,0.524590163934426,0.391304347826087,0.133285816108339
"613",2021,"Duke",70,1181,58,26,56,1257,62,19,70,56,0.448275862068966,0.306451612903226,0.14182424916574
"614",2022,"Duke",79,1181,61,31,71,1246,77,29,79,71,0.508196721311475,0.376623376623377,0.131573344688099
"615",2022,"Duke",82,1181,71,31,56,1119,59,23,82,56,0.436619718309859,0.389830508474576,0.0467892098352828
"616",2022,"Duke",67,1181,50,25,56,1144,61,22,67,56,0.5,0.360655737704918,0.139344262295082
"617",2022,"Duke",92,1181,63,36,52,1205,57,21,92,52,0.571428571428571,0.368421052631579,0.203007518796992
"618",2022,"Duke",88,1181,79,36,55,1248,61,23,88,55,0.455696202531646,0.377049180327869,0.0786470222037767
"619",2022,"Duke",107,1181,74,36,81,1154,64,31,107,81,0.486486486486487,0.484375,0.00211148648648651
"620",2022,"Duke",84,1181,67,31,81,1211,64,34,84,81,0.462686567164179,0.53125,-0.0685634328358209
"621",2022,"Ohio St",71,1326,54,26,66,1181,65,25,66,71,0.384615384615385,0.481481481481481,-0.0968660968660968
"622",2022,"Duke",103,1181,59,33,62,1354,77,25,103,62,0.559322033898305,0.324675324675325,0.23464670922298
"623",2022,"Duke",92,1181,58,33,67,1111,60,24,92,67,0.568965517241379,0.4,0.168965517241379
"624",2022,"Duke",87,1181,65,32,56,1189,49,22,87,56,0.492307692307692,0.448979591836735,0.0433281004709576
"625",2022,"Duke",76,1181,54,29,65,1439,61,26,76,65,0.537037037037037,0.426229508196721,0.110807528840316
"626",2022,"Duke",69,1181,51,19,57,1210,64,21,69,57,0.372549019607843,0.328125,0.0444240196078431
"627",2022,"Miami FL",76,1274,70,32,74,1181,59,27,74,76,0.457627118644068,0.457142857142857,0.00048426150121067
"628",2022,"Duke",76,1181,61,31,64,1448,54,24,76,64,0.508196721311475,0.444444444444444,0.063752276867031
"629",2022,"Duke",88,1181,60,35,73,1301,75,31,88,73,0.583333333333333,0.413333333333333,0.17
"630",2022,"Florida St",79,1199,73,26,78,1181,55,27,78,79,0.490909090909091,0.356164383561644,0.134744707347447
"631",2022,"Duke",79,1181,63,30,59,1393,68,24,79,59,0.476190476190476,0.352941176470588,0.123249299719888
"632",2022,"Duke",71,1181,52,25,69,1155,71,29,71,69,0.480769230769231,0.408450704225352,0.0723185265438787
"633",2022,"Duke",74,1181,68,30,65,1257,59,25,74,65,0.441176470588235,0.423728813559322,0.0174476570289133
"634",2022,"Duke",57,1181,66,26,43,1323,61,17,57,43,0.393939393939394,0.278688524590164,0.11525086934923
"635",2022,"Duke",87,1181,59,34,67,1314,59,24,87,67,0.576271186440678,0.406779661016949,0.169491525423729
"636",2022,"Virginia",69,1438,65,31,68,1181,52,22,68,69,0.423076923076923,0.476923076923077,-0.0538461538461539
